3d7c8519-38ab-4b60-9b3f-ab9d050da087,강하준,female,1983-11-03,41,서울시 서대문구 경기대로 13
9833e94a-31fa-4c18-a451-139d51ec7e35,조지훈,female,2000-03-25,24,인천시 부평구 느티로 2
d49fdc76-4efe-40a9-ae24-6bc9770a2fbc,이하윤,male,2007-08-05,17,서울시 중구 금강로 333
69154268-bb77-4ab3-a16c-d10471f1f0c5,조채원,male,1972-07-12,52,인천시 남동구 통이로 135
09b16939-7d7e-4543-9a6c-b286061342d7,양지유,female,1994-02-24,30,경기도 남양주시 경기대로 13
f86ce56c-8a31-4e5d-8e3d-c869314d1385,서예준,female,1979-01-09,45,서울시 광진구 느티로 2
16e55945-7a58-4841-aa42-fcdeda09eed5,이지후,male,2008-09-01,16,인천시 남동구 산마루로 24
aee8696f-4a86-4494-96b4-13cf55ea97e9,이준우,male,2003-11-27,21,경기도 부천시 통이로 135
7e89eafc-5024-4f29-a0d6-793a48b4451f,장은서,male,1981-03-19,43,경기도 구리시 경기대로 13
85ad610b-fbd8-417f-9116-fd47afca58e1,박서연,female,1998-10-08,26,서울시 서대문구 경기대로 13
a7b9ff84-c294-4763-a2ad-c5392bd8fd60,장준서,female,1971-08-10,53,서울시 서대문구 통이로 135
6c16fe30-865d-44c4-9457-e13a109c5bef,박민서,male,2004-01-16,20,경기도 남양주시 충정로 11길
c4e0b908-49bb-4c2e-9234-4ce1ad243f7b,서주원,female,2000-03-24,24,인천시 남동구 느티로 2
29974125-27e8-4c41-a6d2-712989b30f27,박은서,male,1997-05-25,27,서울시 서대문구 왕산로 239
fa101116-8ac1-4075-a242-1c6e152c02a5,정지후,female,2006-08-03,18,경기도 부천시 왕산로 239
2ff427b5-aa22-49c6-a146-e1cf9f6c2e2a,양서연,male,1985-08-19,39,경기도 남양주시 세종로 14
7902891d-072f-4d24-9d33-bd22a30dd1ff,강서연,female,2010-05-01,14,경기도 구리시 금강로 333
4a9c08b8-9cef-4acc-af9f-e74d86805538,최하윤,male,1984-04-20,40,경기도 구리시 느티로 2
4a369af2-8755-468a-899a-dd8980192b69,최도현,male,1998-07-27,26,서울시 종로구 왕산로 239
2e824ef5-789b-4ca2-b9b1-e36fffd4bdf9,정지윤,male,2006-11-27,18,경기도 구리시 신촌로 223
