531cf861-08a4-477c-a22a-e394d1fa5c27,이민준,male,1992-04-26,32,인천시 서구 통이로 135
fbfc5d0e-673d-483f-98ef-cd27ec20e6ee,정지우,female,2007-05-07,17,서울시 동대문구 느티로 2
0bae5791-b8c9-4823-b2e2-739cdb415d1e,양지윤,male,1971-07-24,53,경기도 성남시 천호대로 21
3b8d6a59-c354-4f2d-aab2-2db240a028d9,최지호,female,1996-05-08,28,경기도 구리시 제기로 117
50d16632-6a4c-4356-9025-93aa5635641e,서지유,female,1995-06-06,29,서울시 중구 제기로 117
0b61a83c-7395-42ab-aab7-ec2b2deaaa82,서주원,female,1985-08-03,39,인천시 남동구 제기로 117
0b477fb6-2fab-4ded-b3cb-de212c0c8617,강현우,male,2002-11-04,22,서울시 종로구 통이로 135
972d7848-dd0d-4eb1-a8ad-10d6253c0469,정서연,male,2006-07-08,18,경기도 남양주시 천호대로 21
02858ad2-eb31-4564-bccf-a6013051e9a2,장지우,male,1978-11-24,46,인천시 서구 중앙로 245
c465068f-bfa0-4b39-987d-22b6dbf587e8,서서연,male,2002-03-19,22,서울시 동대문구 느티로 2
b25475d1-3717-47cf-8851-e8490548153f,김현우,male,1981-05-21,43,서울시 종로구 중앙로 245
b4972765-1e8e-4e9b-a26a-cb32bf3002ae,윤준서,male,1992-08-18,32,인천시 부평구 세종로 14
b85274fd-2351-49be-ac59-74ba54812715,윤하윤,male,1998-05-24,26,서울시 광진구 왕산로 239
420ddfb8-11b3-44cf-8d82-aa80da2af9a0,서지훈,female,2010-09-01,14,서울시 중구 경기대로 13
2dc9a599-c958-432d-bab4-42427a2a3be7,양준우,female,1997-06-06,27,경기도 남양주시 충정로 11길
787b68f7-6d7d-43d6-ae9f-7c334203050e,최다은,male,1975-02-03,49,인천시 서구 산마루로 24
255cea8f-b5e8-4395-911f-74d9d505c063,조지훈,male,1976-09-06,48,서울시 광진구 천호대로 21
2a8ba23f-ecd2-4182-8a53-54bc67ca1c3f,강하윤,female,2007-05-23,17,서울시 동대문구 천호대로 21
bd2c357a-7308-4793-b9c7-e4f0af8e0159,조지유,female,2008-03-09,16,서울시 광진구 산마루로 24
0b9887da-46a9-4628-a917-a1af4fc65251,양채원,male,1978-01-05,46,경기도 성남시 왕산로 239
a28e8853-ff70-403d-a189-f8ffc0bc7c34,강주원,female,1996-08-24,28,인천시 남동구 통이로 135
52249168-fe7b-46f5-9b7f-a0dc98895e31,양윤서,female,1997-04-08,27,인천시 남동구 천호대로 21
5da11396-ec17-4172-ad8d-01219c7e8e28,강준우,female,2008-10-26,16,경기도 성남시 통이로 135
de856715-60c5-476a-8820-532326b9e406,김지호,female,2005-02-03,19,서울시 서대문구 금강로 333
1bd926e8-7569-4c79-b1e1-a7597e9bba33,장하준,male,1988-06-19,36,인천시 남동구 신촌로 223
cbb16fba-25d8-4824-a28b-69e3f61d50da,강수아,male,1979-08-04,45,경기도 남양주시 산마루로 24
e762a883-ff77-444e-8f1a-66c717ca4aa9,김지유,male,1996-10-22,28,경기도 남양주시 금강로 333
9c3b287e-a0f9-4e41-983e-ccd13744c07b,양도현,male,1997-03-27,27,인천시 서구 천호대로 21
d17b2a42-09ba-4184-b31b-8e53eb59638a,장서준,female,1980-02-26,44,서울시 종로구 왕산로 239
95314e9b-2cfc-4c1f-84d2-a3d0f7a14490,조지후,female,1990-03-25,34,경기도 구리시 경기대로 13
76485dae-b212-40f7-bd06-28f4af0e2710,양지윤,male,2008-08-18,16,인천시 서구 느티로 2
68f9302d-5f7f-40ac-a7e6-2447b9ccc373,조하은,female,1996-02-04,28,서울시 종로구 산마루로 24
90225bb9-1b94-44fd-ac50-7b3941149ce9,김하은,female,1975-05-13,49,인천시 남동구 신촌로 223
c63ba20b-287a-46f9-bbef-3bd9fbf5d360,조지윤,male,2002-09-26,22,경기도 구리시 왕산로 239
0af929d2-b8aa-47e3-93d0-0a4c2e7cdb57,김지민,male,1970-06-17,54,인천시 서구 제기로 117
5241ef2d-ce7d-4ee4-a5fd-0f78b8ec0545,최민서,female,1996-12-17,28,서울시 서대문구 경기대로 13
ab669887-313d-4046-a8d8-49d1704e68e0,강하준,female,2006-03-16,18,서울시 중구 통이로 135
0a3d87c2-0afb-4bf6-8d8a-4e8d628b0366,양민준,male,2008-01-25,16,경기도 부천시 금강로 333
07ae5a78-3603-4cef-9827-d4b891da7157,장윤서,male,2007-06-17,17,서울시 동대문구 금강로 333
1593396e-e435-4be3-853a-664c275edd57,조서연,female,1987-09-14,37,서울시 중구 금강로 333
5d9dfd8f-0670-481b-969a-9aaf06378c5b,박현우,female,1976-02-24,48,인천시 서구 금강로 333
b630d482-03e9-4173-b700-ba62e0a432b1,양민서,male,1976-10-10,48,인천시 부평구 중앙로 245
0909b42e-acc9-40a2-8de7-17eab6e4f92a,장서현,male,2002-06-19,22,서울시 광진구 왕산로 239
b9aa43b2-0932-47c7-8e0e-b909d66c44f0,서하준,female,1997-08-03,27,인천시 부평구 세종로 14
e8966777-7480-4170-8e62-9e08ea2b1189,윤준서,male,2003-05-09,21,인천시 서구 천호대로 21
5b0b5c20-cb76-44be-8459-144363b2830e,이준우,male,1990-11-19,34,경기도 남양주시 제기로 117
f3f9e8d5-3c51-4c3a-b18d-53853587f638,서준우,female,1986-11-22,38,경기도 남양주시 중앙로 245
3616174e-0c1a-4980-bcef-15d2fd2fbf34,정지유,female,1999-04-27,25,서울시 광진구 신촌로 223
59b612f1-7131-48c8-8f1c-8979df705649,이지유,male,1992-07-16,32,인천시 부평구 경기대로 13
7e85914b-a988-45ec-b5ea-3b8958d76636,임지훈,male,1987-02-20,37,서울시 서대문구 제기로 117
deb25010-fe9a-4892-8335-fcc51c9ffb62,양하은,male,2006-10-19,18,서울시 동대문구 충정로 11길
4f0c0ebb-7062-43f6-b0d1-35353f2b7361,최도현,female,1991-07-04,33,서울시 종로구 세종로 14
ec58e053-fb1d-463a-9b33-d640c6bf5941,정민준,female,1998-05-22,26,인천시 남동구 신촌로 223
3ddd6819-4c1c-42b7-b59a-424cfaec97bf,김다은,female,2000-10-11,24,인천시 서구 신촌로 223
217acd47-d89d-4af6-95e0-801f8d865e3b,강하은,male,1983-07-20,41,서울시 종로구 천호대로 21
15b94179-78e1-490c-a4ea-1c3269aca6e0,정준서,male,1998-08-08,26,인천시 부평구 경기대로 13
6034f718-0dfc-475c-992c-e0e38f54427b,양주원,male,1975-07-04,49,서울시 동대문구 신촌로 223
a04cc24a-d9ef-4bca-9c5c-a478bdbd223c,양하은,male,1972-03-06,52,인천시 남동구 충정로 11길
0ae59bdc-098a-4d07-bdb1-2dfb2b8b24f0,정지훈,male,1978-05-08,46,경기도 남양주시 중앙로 245
a38fc3a4-3ecf-416d-aae1-64e460b39ceb,강다은,female,2005-03-10,19,경기도 성남시 느티로 2
1a03deb0-ece8-4acb-9544-d9cb860506aa,양하은,male,2004-10-11,20,경기도 구리시 천호대로 21
c580e837-89c4-4a3b-9d8f-389dd83ca51e,임도윤,male,1970-12-07,54,서울시 중구 산마루로 24
c31a51fe-0d6a-4353-9ebf-bda6c3c920fe,이민준,female,2004-08-26,20,서울시 종로구 충정로 11길
a167a4ae-759c-42fd-bc1b-c22f30cef278,김서준,female,2000-07-24,24,경기도 성남시 제기로 117
87178e8f-8629-4bef-b17d-1b5e321d766d,양건우,female,1996-05-26,28,경기도 남양주시 제기로 117
45860e9f-37a2-431d-bf2e-7834472a137a,조하은,female,1994-06-23,30,서울시 서대문구 경기대로 13
75407f8d-3c25-4e9c-8564-60111d417505,정하준,female,1992-12-22,32,경기도 구리시 산마루로 24
35012497-764a-4b47-8efd-78f4be702846,최민준,female,2009-11-09,15,인천시 서구 느티로 2
44d3cbb4-0d86-4b53-88f3-4ab73f719749,장지윤,male,2008-05-25,16,인천시 서구 신촌로 223
9f351236-6514-4752-91e4-2b56661b0509,김하윤,female,1991-07-05,33,경기도 남양주시 통이로 135
1e6df924-9df2-4ec2-a8d3-5cc1fa502c91,조윤서,female,2009-06-26,15,경기도 부천시 천호대로 21
4b756fb5-235b-4a00-bfd8-1acb80540d63,양주원,female,2008-04-28,16,서울시 광진구 충정로 11길
08c2a56c-f444-4596-9e64-2a7c65187d6d,임서연,female,2001-12-26,23,인천시 남동구 신촌로 223
8ec86ca5-c102-44ac-a5c6-df978b48a33a,이도윤,male,1973-11-24,51,경기도 부천시 산마루로 24
d6bcbcc5-3de8-4e6c-bdb5-72454c96f540,강민서,male,2009-10-01,15,인천시 부평구 금강로 333
b510cec3-1b5f-45f0-bbe0-51793ecfbb4b,박현우,female,1998-12-17,26,서울시 종로구 느티로 2
b77369bb-6f9c-4799-b4ac-4104628c0c9b,박하윤,female,1989-04-04,35,경기도 구리시 왕산로 239
ef6ff5c3-a8bc-4c45-9296-059723870fbf,박지윤,male,1992-09-17,32,경기도 부천시 신촌로 223
d412f571-fdb0-465f-a143-ea9921a1c157,박민서,female,1984-06-22,40,서울시 광진구 제기로 117
42c5b896-4013-42f6-b98e-3409fcbbd994,윤예준,female,2004-10-24,20,서울시 서대문구 제기로 117
de2912a7-84b9-45d9-a8e0-081edfee330d,이하준,male,1983-02-06,41,서울시 광진구 산마루로 24
120297d3-68dd-49df-b7e7-7ba5cd5f3182,김현우,male,1996-01-24,28,서울시 동대문구 신촌로 223
777a9abe-b45d-47cf-8daa-e9d4255ee147,임서연,male,1987-09-21,37,서울시 종로구 제기로 117
7c7fcde1-845c-4a47-8556-c6ea6ab493e3,정서연,female,1991-04-21,33,서울시 동대문구 충정로 11길
c92db39b-0ddb-4d10-b5eb-ed2ca2a68f20,김서연,female,1978-10-01,46,경기도 남양주시 왕산로 239
70922ba0-28d9-4d26-ad40-89964915aa36,장준우,female,1993-10-01,31,경기도 구리시 신촌로 223
270dc2b8-fddb-4184-bd14-22b589c06441,강주원,female,1971-06-25,53,인천시 남동구 통이로 135
9c16a4bc-8ddb-471e-a6be-2f6bbf0283b5,서주원,female,1979-02-19,45,인천시 남동구 통이로 135
1ae5b7a2-5e70-4045-a5e0-6ba439046303,서도현,male,1976-10-22,48,서울시 중구 느티로 2
1a31c8e5-9b58-4866-bea9-dac53f4c9ab4,양윤서,female,1982-10-17,42,경기도 남양주시 경기대로 13
aa87b7b0-a551-46fd-af69-de36cdff1571,장준우,male,1975-08-24,49,인천시 남동구 산마루로 24
0050b81e-b101-4640-bb9c-70bf6c00747d,양채원,female,1997-02-28,27,서울시 동대문구 중앙로 245
8675a21c-3cb3-432d-b645-7516693a9e71,최도현,male,2004-07-17,20,인천시 남동구 경기대로 13
20d9e451-8169-4ae3-9b58-91294cdef502,이은서,female,1976-05-19,48,인천시 남동구 충정로 11길
82471f5d-6bf0-43c9-aa84-fd3538a57c79,이현우,female,1990-03-13,34,인천시 남동구 느티로 2
e28aa1c8-b203-49f2-889a-47d7971ecbf4,양은서,female,1970-09-19,54,인천시 남동구 경기대로 13
c140e6c5-3ab7-4ab0-b4d1-9642091fbe82,양도현,male,1985-01-26,39,인천시 남동구 천호대로 21
7e30c2cd-6852-4e33-b320-f9e615770519,강준서,female,1995-01-03,29,서울시 중구 통이로 135
c3586f79-a391-4726-a1ad-4a8d56740439,강서준,female,1979-04-19,45,서울시 광진구 천호대로 21
30a77c50-b5fa-4e19-8c3e-bcde26f4dd46,강민준,female,2007-05-28,17,경기도 남양주시 중앙로 245
